"","occurrenceId","verbatimScientificName","scientificName","key","matchType","confidence","status","rank","kingdom","phylum","class","order","family","genus","species","canonicalName","authorship"
"1",NA,"Cervus elaphus","Cervus elaphus Linnaeus, 1758",2440958,"EXACT",99,"ACCEPTED","SPECIES","Animalia","Chordata","Mammalia","Artiodactyla","Cervidae","Cervus","Cervus elaphus","Cervus elaphus","Linnaeus, 1758"
"2",NA,"Agalenatea redii","Agalenatea redii (Scopoli, 1763)",2160943,"EXACT",99,"ACCEPTED","SPECIES","Animalia","Arthropoda","Arachnida","Araneae","Araneidae","Agalenatea","Agalenatea redii","Agalenatea redii","(Scopoli, 1763) "
"3",NA,"Turdus pilaris","Turdus pilaris Linnaeus, 1758",2490737,"EXACT",99,"ACCEPTED","SPECIES","Animalia","Chordata","Aves","Passeriformes","Turdidae","Turdus","Turdus pilaris","Turdus pilaris","Linnaeus, 1758"
"4",NA,"Salamandra salamandra","Salamandra salamandra (Linnaeus, 1758)",2431776,"EXACT",99,"ACCEPTED","SPECIES","Animalia","Chordata","Amphibia","Caudata","Salamandridae","Salamandra","Salamandra salamandra","Salamandra salamandra","(Linnaeus, 1758) "
"5",NA,"Broscus cephalotes","Broscus cephalotes (Linnaeus, 1758)",4308815,"EXACT",99,"ACCEPTED","SPECIES","Animalia","Arthropoda","Insecta","Coleoptera","Carabidae","Broscus","Broscus cephalotes","Broscus cephalotes","(Linnaeus, 1758) "
"6",NA,"Emberiza citrinella","Emberiza citrinella Linnaeus, 1758",2491534,"EXACT",99,"ACCEPTED","SPECIES","Animalia","Chordata","Aves","Passeriformes","Emberizidae","Emberiza","Emberiza citrinella","Emberiza citrinella","Linnaeus, 1758"
"7",NA,"Hyla arborea","Hyla arborea (Linnaeus, 1758)",2427573,"EXACT",99,"ACCEPTED","SPECIES","Animalia","Chordata","Amphibia","Anura","Hylidae","Hyla","Hyla arborea","Hyla arborea","(Linnaeus, 1758) "
"8",NA,"Rana arvalis","Rana arvalis Nilsson, 1842",2426789,"EXACT",99,"ACCEPTED","SPECIES","Animalia","Chordata","Amphibia","Anura","Ranidae","Rana","Rana arvalis","Rana arvalis","Nilsson, 1842"
"9",NA,"Perdix perdix","Perdix perdix (Linnaeus, 1758)",2473958,"EXACT",99,"ACCEPTED","SPECIES","Animalia","Chordata","Aves","Galliformes","Phasianidae","Perdix","Perdix perdix","Perdix perdix","(Linnaeus, 1758) "
"10",NA,"Chilocorus bipustulatus","Chilocorus bipustulatus (Linnaeus, 1758)",1043495,"EXACT",99,"ACCEPTED","SPECIES","Animalia","Arthropoda","Insecta","Coleoptera","Coccinellidae","Chilocorus","Chilocorus bipustulatus","Chilocorus bipustulatus","(Linnaeus, 1758) "
"11",NA,"Mentha pulegium","Mentha pulegium L.",2927189,"EXACT",98,"ACCEPTED","SPECIES","Plantae","Tracheophyta","Magnoliopsida","Lamiales","Lamiaceae","Mentha","Mentha pulegium","Mentha pulegium","L."
"12",NA,"Thymus serpyllum","Thymus serpyllum L.",6409622,"EXACT",99,"ACCEPTED","SPECIES","Plantae","Tracheophyta","Magnoliopsida","Lamiales","Lamiaceae","Thymus","Thymus serpyllum","Thymus serpyllum","L."
"13",NA,"Marrubium vulgare","Marrubium vulgare L.",2927069,"EXACT",99,"ACCEPTED","SPECIES","Plantae","Tracheophyta","Magnoliopsida","Lamiales","Lamiaceae","Marrubium","Marrubium vulgare","Marrubium vulgare","L."
"14",NA,"Diachromus germanus","Diachromus germanus (Linnaeus, 1758)",4474987,"EXACT",99,"ACCEPTED","SPECIES","Animalia","Arthropoda","Insecta","Coleoptera","Carabidae","Diachromus","Diachromus germanus","Diachromus germanus","(Linnaeus, 1758) "
"15",NA,"Carabus auratus","Carabus auratus Linnaeus, 1760",1036779,"EXACT",99,"ACCEPTED","SPECIES","Animalia","Arthropoda","Insecta","Coleoptera","Carabidae","Carabus","Carabus auratus","Carabus auratus","Linnaeus, 1760"
"16",NA,"Amara convexior","Amara convexior Stephens, 1828",4472897,"EXACT",99,"ACCEPTED","SPECIES","Animalia","Arthropoda","Insecta","Coleoptera","Carabidae","Amara","Amara convexior","Amara convexior","Stephens, 1828"
"17",NA,"Platynaspis luteorubra","Platynaspis luteorubra (Goeze, 1777)",4452301,"EXACT",99,"ACCEPTED","SPECIES","Animalia","Arthropoda","Insecta","Coleoptera","Coccinellidae","Platynaspis","Platynaspis luteorubra","Platynaspis luteorubra","(Goeze, 1777) "
"18",NA,"Agrostemma githago","Agrostemma githago L.",3085368,"EXACT",99,"ACCEPTED","SPECIES","Plantae","Tracheophyta","Magnoliopsida","Caryophyllales","Caryophyllaceae","Agrostemma","Agrostemma githago","Agrostemma githago","L."
"19",NA,"Menyanthes trifoliata","Menyanthes trifoliata L.",5341511,"EXACT",99,"ACCEPTED","SPECIES","Plantae","Tracheophyta","Magnoliopsida","Asterales","Menyanthaceae","Menyanthes","Menyanthes trifoliata","Menyanthes trifoliata","L."
"20",NA,"Armeria maritima","Armeria maritima (Mill.) Willd.",8930531,"EXACT",97,"ACCEPTED","SPECIES","Plantae","Tracheophyta","Magnoliopsida","Caryophyllales","Plumbaginaceae","Armeria","Armeria maritima","Armeria maritima","(Mill.) Willd."
"21",NA,"Juncus maritimus","Juncus maritimus Lam.",2701869,"EXACT",97,"ACCEPTED","SPECIES","Plantae","Tracheophyta","Liliopsida","Poales","Juncaceae","Juncus","Juncus maritimus","Juncus maritimus","Lam."
"22",NA,"Vincetoxicum hirundinaria","Vincetoxicum hirundinaria Medik.",5414548,"EXACT",99,"ACCEPTED","SPECIES","Plantae","Tracheophyta","Magnoliopsida","Gentianales","Apocynaceae","Vincetoxicum","Vincetoxicum hirundinaria","Vincetoxicum hirundinaria","Medik."
"23",NA,"Anthyllis vulneraria","Anthyllis vulneraria L.",5352367,"EXACT",97,"ACCEPTED","SPECIES","Plantae","Tracheophyta","Magnoliopsida","Fabales","Fabaceae","Anthyllis","Anthyllis vulneraria","Anthyllis vulneraria","L."
"24",NA,"Cirsium dissectum","Cirsium dissectum (L.) Hill",3113784,"EXACT",99,"ACCEPTED","SPECIES","Plantae","Tracheophyta","Magnoliopsida","Asterales","Asteraceae","Cirsium","Cirsium dissectum","Cirsium dissectum","(L.) Hill"
"25",NA,"Thymus pulegioides","Thymus pulegioides L.",5341443,"EXACT",98,"ACCEPTED","SPECIES","Plantae","Tracheophyta","Magnoliopsida","Lamiales","Lamiaceae","Thymus","Thymus pulegioides","Thymus pulegioides","L."
"26",NA,"Anthemis arvensis","Anthemis arvensis L.",3102781,"EXACT",97,"ACCEPTED","SPECIES","Plantae","Tracheophyta","Magnoliopsida","Asterales","Asteraceae","Anthemis","Anthemis arvensis","Anthemis arvensis","L."
"27",NA,"Carlina vulgaris","Carlina vulgaris L.",3105380,"EXACT",98,"ACCEPTED","SPECIES","Plantae","Tracheophyta","Magnoliopsida","Asterales","Asteraceae","Carlina","Carlina vulgaris","Carlina vulgaris","L."
"28",NA,"Ononis spinosa","Ononis spinosa L.",2977149,"EXACT",97,"ACCEPTED","SPECIES","Plantae","Tracheophyta","Magnoliopsida","Fabales","Fabaceae","Ononis","Ononis spinosa","Ononis spinosa","L."
"29",NA,"Rhinanthus alectorolophus","Rhinanthus alectorolophus (Scop.) Pollich",3172045,"EXACT",99,"ACCEPTED","SPECIES","Plantae","Tracheophyta","Magnoliopsida","Lamiales","Orobanchaceae","Rhinanthus","Rhinanthus alectorolophus","Rhinanthus alectorolophus","(Scop.) Pollich"
"30",NA,"Harpalus griseus","Harpalus griseus (Panzer, 1796)",6097919,"EXACT",99,"ACCEPTED","SPECIES","Animalia","Arthropoda","Insecta","Coleoptera","Carabidae","Harpalus","Harpalus griseus","Harpalus griseus","(Panzer, 1796) "
"31",NA,"Stenobothrus lineatus","Stenobothrus lineatus (Panzer, 1796)",1710962,"EXACT",97,"ACCEPTED","SPECIES","Animalia","Arthropoda","Insecta","Orthoptera","Acrididae","Stenobothrus","Stenobothrus lineatus","Stenobothrus lineatus","(Panzer, 1796) "
"32",NA,"Tetrix tenuicornis","Tetrix tenuicornis (Sahlberg, 1891)",1681181,"EXACT",97,"ACCEPTED","SPECIES","Animalia","Arthropoda","Insecta","Orthoptera","Tetrigidae","Tetrix","Tetrix tenuicornis","Tetrix tenuicornis","(Sahlberg, 1891) "
"33",NA,"Saloca diceros","Saloca diceros (O.Pickard-Cambridge, 1871)",2137523,"EXACT",99,"ACCEPTED","SPECIES","Animalia","Arthropoda","Arachnida","Araneae","Linyphiidae","Saloca","Saloca diceros","Saloca diceros","(O.Pickard-Cambridge, 1871) "
"34",NA,"Formica rufa","Formica rufa Linnaeus, 1761",1315132,"EXACT",99,"ACCEPTED","SPECIES","Animalia","Arthropoda","Insecta","Hymenoptera","Formicidae","Formica","Formica rufa","Formica rufa","Linnaeus, 1761"
"35",NA,"Formica sanguinea","Formica sanguinea Latreille, 1798",1315006,"EXACT",99,"ACCEPTED","SPECIES","Animalia","Arthropoda","Insecta","Hymenoptera","Formicidae","Formica","Formica sanguinea","Formica sanguinea","Latreille, 1798"
"36",NA,"Linum catharticum","Linum catharticum L.",2873865,"EXACT",99,"ACCEPTED","SPECIES","Plantae","Tracheophyta","Magnoliopsida","Malpighiales","Linaceae","Linum","Linum catharticum","Linum catharticum","L."
"37",NA,"Platanthera chlorantha","Platanthera chlorantha (Custer) Rchb.",2797913,"EXACT",99,"ACCEPTED","SPECIES","Plantae","Tracheophyta","Liliopsida","Asparagales","Orchidaceae","Platanthera","Platanthera chlorantha","Platanthera chlorantha","(Custer) Rchb."
"38",NA,"Apium graveolens","Apium graveolens L.",5371879,"EXACT",97,"ACCEPTED","SPECIES","Plantae","Tracheophyta","Magnoliopsida","Apiales","Apiaceae","Apium","Apium graveolens","Apium graveolens","L."
"39",NA,"Arctium tomentosum","Arctium tomentosum Mill.",5393080,"EXACT",99,"ACCEPTED","SPECIES","Plantae","Tracheophyta","Magnoliopsida","Asterales","Asteraceae","Arctium","Arctium tomentosum","Arctium tomentosum","Mill."
"40",NA,"Parnassia palustris","Parnassia palustris L.",3032585,"EXACT",99,"ACCEPTED","SPECIES","Plantae","Tracheophyta","Magnoliopsida","Celastrales","Parnassiaceae","Parnassia","Parnassia palustris","Parnassia palustris","L."
"41",NA,"Chenopodium vulvaria","Chenopodium vulvaria L.",3083932,"EXACT",99,"ACCEPTED","SPECIES","Plantae","Tracheophyta","Magnoliopsida","Caryophyllales","Amaranthaceae","Chenopodium","Chenopodium vulvaria","Chenopodium vulvaria","L."
"42",NA,"Cuscuta epithymum","Cuscuta epithymum (L.) L.",2927518,"EXACT",97,"ACCEPTED","SPECIES","Plantae","Tracheophyta","Magnoliopsida","Solanales","Convolvulaceae","Cuscuta","Cuscuta epithymum","Cuscuta epithymum","(L.) L."
"43",NA,"Erica cinerea","Erica cinerea L.",5333411,"EXACT",99,"ACCEPTED","SPECIES","Plantae","Tracheophyta","Magnoliopsida","Ericales","Ericaceae","Erica","Erica cinerea","Erica cinerea","L."
"44",NA,"Oenanthe pimpinelloides","Oenanthe pimpinelloides L.",5371889,"EXACT",97,"ACCEPTED","SPECIES","Plantae","Tracheophyta","Magnoliopsida","Apiales","Apiaceae","Oenanthe","Oenanthe pimpinelloides","Oenanthe pimpinelloides","L."
"45",NA,"Daphne mezereum","Daphne mezereum L.",5420852,"EXACT",97,"ACCEPTED","SPECIES","Plantae","Tracheophyta","Magnoliopsida","Malvales","Thymelaeaceae","Daphne","Daphne mezereum","Daphne mezereum","L."
"46",NA,"Misumena vatia","Misumena vatia (Clerck, 1757)",2165951,"EXACT",99,"ACCEPTED","SPECIES","Animalia","Arthropoda","Arachnida","Araneae","Thomisidae","Misumena","Misumena vatia","Misumena vatia","(Clerck, 1757) "
"47",NA,"Oxythyrea funesta","Oxythyrea funesta (Poda, 1761)",1077130,"EXACT",99,"ACCEPTED","SPECIES","Animalia","Arthropoda","Insecta","Coleoptera","Scarabaeidae","Oxythyrea","Oxythyrea funesta","Oxythyrea funesta","(Poda, 1761) "
"48",NA,"Nymphoides peltata","Nymphoides peltata (S.G.Gmel.) Kuntze",8810827,"EXACT",99,"ACCEPTED","SPECIES","Plantae","Tracheophyta","Magnoliopsida","Asterales","Menyanthaceae","Nymphoides","Nymphoides peltata","Nymphoides peltata","(S.G.Gmel.) Kuntze"
"49",NA,"Stachys alpina","Stachys alpina L.",7306931,"EXACT",99,"ACCEPTED","SPECIES","Plantae","Tracheophyta","Magnoliopsida","Lamiales","Lamiaceae","Stachys","Stachys alpina","Stachys alpina","L."
"50",NA,"Genista tinctoria","Genista tinctoria L.",5347612,"EXACT",99,"ACCEPTED","SPECIES","Plantae","Tracheophyta","Magnoliopsida","Fabales","Fabaceae","Genista","Genista tinctoria","Genista tinctoria","L."
"51",NA,"Rhinanthus minor","Rhinanthus minor L.",3172043,"EXACT",97,"ACCEPTED","SPECIES","Plantae","Tracheophyta","Magnoliopsida","Lamiales","Orobanchaceae","Rhinanthus","Rhinanthus minor","Rhinanthus minor","L."
"52",NA,"Limonium vulgare","Limonium vulgare Mill.",3082322,"EXACT",98,"ACCEPTED","SPECIES","Plantae","Tracheophyta","Magnoliopsida","Caryophyllales","Plumbaginaceae","Limonium","Limonium vulgare","Limonium vulgare","Mill."
"53",NA,"Oenanthe silaifolia","Oenanthe silaifolia M.Bieb.",6027222,"EXACT",97,"ACCEPTED","SPECIES","Plantae","Tracheophyta","Magnoliopsida","Apiales","Apiaceae","Oenanthe","Oenanthe silaifolia","Oenanthe silaifolia","M.Bieb."
"54",NA,"Stachys arvensis","Stachys arvensis (L.) L.",2927229,"EXACT",98,"ACCEPTED","SPECIES","Plantae","Tracheophyta","Magnoliopsida","Lamiales","Lamiaceae","Stachys","Stachys arvensis","Stachys arvensis","(L.) L."
"55",NA,"Martes martes","Martes martes (Linnaeus, 1758)",5218878,"EXACT",99,"ACCEPTED","SPECIES","Animalia","Chordata","Mammalia","Carnivora","Mustelidae","Martes","Martes martes","Martes martes","(Linnaeus, 1758) "
"56",NA,"Eristalinus aeneus","Eristalinus aeneus (Scopoli, 1763)",1542830,"EXACT",99,"ACCEPTED","SPECIES","Animalia","Arthropoda","Insecta","Diptera","Syrphidae","Eristalinus","Eristalinus aeneus","Eristalinus aeneus","(Scopoli, 1763) "
"57",NA,"Argynnis paphia","Argynnis paphia (Linnaeus, 1758)",1909398,"EXACT",99,"ACCEPTED","SPECIES","Animalia","Arthropoda","Insecta","Lepidoptera","Nymphalidae","Argynnis","Argynnis paphia","Argynnis paphia","(Linnaeus, 1758) "
"58",NA,"Felis silvestris","Felis silvestris Schreber, 1777",7964291,"EXACT",99,"ACCEPTED","SPECIES","Animalia","Chordata","Mammalia","Carnivora","Felidae","Felis","Felis silvestris","Felis silvestris","Schreber, 1777"
"59",NA,"Pyrrhula pyrrhula","Pyrrhula pyrrhula (Linnaeus, 1758)",2494543,"EXACT",99,"ACCEPTED","SPECIES","Animalia","Chordata","Aves","Passeriformes","Fringillidae","Pyrrhula","Pyrrhula pyrrhula","Pyrrhula pyrrhula","(Linnaeus, 1758) "
"60",NA,"Thecla betulae","Thecla betulae (Linnaeus, 1758)",1930110,"EXACT",99,"ACCEPTED","SPECIES","Animalia","Arthropoda","Insecta","Lepidoptera","Lycaenidae","Thecla","Thecla betulae","Thecla betulae","(Linnaeus, 1758) "
"61",NA,"Mustela putorius","Mustela putorius Linnaeus, 1758",5218911,"EXACT",99,"ACCEPTED","SPECIES","Animalia","Chordata","Mammalia","Carnivora","Mustelidae","Mustela","Mustela putorius","Mustela putorius","Linnaeus, 1758"
"62",NA,"Passer montanus","Passer montanus (Linnaeus, 1758)",5231198,"EXACT",99,"ACCEPTED","SPECIES","Animalia","Chordata","Aves","Passeriformes","Passeridae","Passer","Passer montanus","Passer montanus","(Linnaeus, 1758) "
"63",NA,"Phoenicurus phoenicurus","Phoenicurus phoenicurus (Linnaeus, 1758)",5739317,"EXACT",99,"ACCEPTED","SPECIES","Animalia","Chordata","Aves","Passeriformes","Muscicapidae","Phoenicurus","Phoenicurus phoenicurus","Phoenicurus phoenicurus","(Linnaeus, 1758) "
"64",NA,"Meles meles","Meles meles (Linnaeus, 1758)",2433875,"EXACT",99,"ACCEPTED","SPECIES","Animalia","Chordata","Mammalia","Carnivora","Mustelidae","Meles","Meles meles","Meles meles","(Linnaeus, 1758) "
"65",NA,"Orobanche hederae","Orobanche hederae Duby",3733128,"EXACT",99,"ACCEPTED","SPECIES","Plantae","Tracheophyta","Magnoliopsida","Lamiales","Orobanchaceae","Orobanche","Orobanche hederae","Orobanche hederae","Duby"
"66",NA,"Dolomedes fimbriatus","Dolomedes fimbriatus (Clerck, 1757)",2150955,"EXACT",99,"ACCEPTED","SPECIES","Animalia","Arthropoda","Arachnida","Araneae","Pisauridae","Dolomedes","Dolomedes fimbriatus","Dolomedes fimbriatus","(Clerck, 1757) "
"67",NA,"Passer domesticus","Passer domesticus (Linnaeus, 1758)",5231190,"EXACT",99,"ACCEPTED","SPECIES","Animalia","Chordata","Aves","Passeriformes","Passeridae","Passer","Passer domesticus","Passer domesticus","(Linnaeus, 1758) "
"68",NA,"Nymphalis polychloros","Nymphalis polychloros (Linnaeus, 1758)",7762841,"EXACT",99,"ACCEPTED","SPECIES","Animalia","Arthropoda","Insecta","Lepidoptera","Nymphalidae","Nymphalis","Nymphalis polychloros","Nymphalis polychloros","(Linnaeus, 1758) "
"69",NA,"Mustela erminea","Mustela erminea Linnaeus, 1758",5219019,"EXACT",99,"ACCEPTED","SPECIES","Animalia","Chordata","Mammalia","Carnivora","Mustelidae","Mustela","Mustela erminea","Mustela erminea","Linnaeus, 1758"
"70",NA,"Coronella austriaca","Coronella austriaca Laurenti, 1768",5959617,"EXACT",97,"ACCEPTED","SPECIES","Animalia","Chordata","Squamata","","Colubridae","Coronella","Coronella austriaca","Coronella austriaca","Laurenti, 1768"
"71",NA,"Lanius excubitor","Lanius excubitor Linnaeus, 1758",9444556,"EXACT",99,"ACCEPTED","SPECIES","Animalia","Chordata","Aves","Passeriformes","Laniidae","Lanius","Lanius excubitor","Lanius excubitor","Linnaeus, 1758"
"72",NA,"Nymphalis antiopa","Nymphalis antiopa (Linnaeus, 1758)",5130682,"EXACT",99,"ACCEPTED","SPECIES","Animalia","Arthropoda","Insecta","Lepidoptera","Nymphalidae","Nymphalis","Nymphalis antiopa","Nymphalis antiopa","(Linnaeus, 1758) "
"73",NA,"Oriolus oriolus","Oriolus oriolus (Linnaeus, 1758)",2488949,"EXACT",99,"ACCEPTED","SPECIES","Animalia","Chordata","Aves","Passeriformes","Oriolidae","Oriolus","Oriolus oriolus","Oriolus oriolus","(Linnaeus, 1758) "
"74",NA,"Myotis emarginatus","Myotis emarginatus (E.Geoffroy, 1806)",2432470,"EXACT",99,"ACCEPTED","SPECIES","Animalia","Chordata","Mammalia","Chiroptera","Vespertilionidae","Myotis","Myotis emarginatus","Myotis emarginatus","(E.Geoffroy, 1806) "
"75",NA,"Euryopis flavomaculata","Euryopis flavomaculata (C.L.Koch, 1836)",2155761,"EXACT",99,"ACCEPTED","SPECIES","Animalia","Arthropoda","Arachnida","Araneae","Theridiidae","Euryopis","Euryopis flavomaculata","Euryopis flavomaculata","(C.L.Koch, 1836) "
"76",NA,"Tibellus maritimus","Tibellus maritimus (Menge, 1875)",2147916,"EXACT",99,"ACCEPTED","SPECIES","Animalia","Arthropoda","Arachnida","Araneae","Philodromidae","Tibellus","Tibellus maritimus","Tibellus maritimus","(Menge, 1875) "
"77",NA,"Aricia agestis","Aricia agestis (Denis & Schiffermüller), 1775",1933095,"EXACT",99,"ACCEPTED","SPECIES","Animalia","Arthropoda","Insecta","Lepidoptera","Lycaenidae","Aricia","Aricia agestis","Aricia agestis","(Denis & Schiffermüller) , 1775"
"78",NA,"Somatochlora flavomaculata","Somatochlora flavomaculata Vander Linden, 1825",1429969,"EXACT",99,"ACCEPTED","SPECIES","Animalia","Arthropoda","Insecta","Odonata","Corduliidae","Somatochlora","Somatochlora flavomaculata","Somatochlora flavomaculata","Vander Linden, 1825"
"79",NA,"Aegithalos caudatus","Aegithalos caudatus (Linnaeus, 1758)",2495000,"EXACT",97,"DOUBTFUL","SPECIES","Animalia","Chordata","Aves","Passeriformes","Aegithalidae","Aegithalos","Aegithalos caudatus","Aegithalos caudatus","(Linnaeus, 1758) "
"80",NA,"Anguilla anguilla","Anguilla anguilla (Linnaeus, 1758)",5212973,"EXACT",99,"ACCEPTED","SPECIES","Animalia","Chordata","","Anguilliformes","Anguillidae","Anguilla","Anguilla anguilla","Anguilla anguilla","(Linnaeus, 1758) "
"81",NA,"Vipera berus","Vipera berus (Linnaeus, 1758)",5960862,"EXACT",99,"ACCEPTED","SPECIES","Animalia","Chordata","Squamata","","Viperidae","Vipera","Vipera berus","Vipera berus","(Linnaeus, 1758) "
"82",NA,"Emberiza schoeniclus","Emberiza schoeniclus (Linnaeus, 1758)",2491557,"EXACT",99,"ACCEPTED","SPECIES","Animalia","Chordata","Aves","Passeriformes","Emberizidae","Emberiza","Emberiza schoeniclus","Emberiza schoeniclus","(Linnaeus, 1758) "
"83",NA,"Loxia curvirostra","Loxia curvirostra Linnaeus, 1758",9629160,"EXACT",99,"ACCEPTED","SPECIES","Animalia","Chordata","Aves","Passeriformes","Fringillidae","Loxia","Loxia curvirostra","Loxia curvirostra","Linnaeus, 1758"
"84",NA,"Lanius collurio","Lanius collurio Linnaeus, 1758",7745240,"EXACT",99,"ACCEPTED","SPECIES","Animalia","Chordata","Aves","Passeriformes","Laniidae","Lanius","Lanius collurio","Lanius collurio","Linnaeus, 1758"
"85",NA,"Larus canus","Larus canus Linnaeus, 1758",7982160,"EXACT",99,"ACCEPTED","SPECIES","Animalia","Chordata","Aves","Charadriiformes","Laridae","Larus","Larus canus","Larus canus","Linnaeus, 1758"
"86",NA,"Larus argentatus","Larus argentatus Pontoppidan, 1763",2481139,"EXACT",99,"ACCEPTED","SPECIES","Animalia","Chordata","Aves","Charadriiformes","Laridae","Larus","Larus argentatus","Larus argentatus","Pontoppidan, 1763"
"87",NA,"Numenius arquata","Numenius arquata (Linnaeus, 1758)",2481792,"EXACT",99,"ACCEPTED","SPECIES","Animalia","Chordata","Aves","Charadriiformes","Scolopacidae","Numenius","Numenius arquata","Numenius arquata","(Linnaeus, 1758) "
"88",NA,"Ciconia ciconia","Ciconia ciconia (Linnaeus, 1758)",2481912,"EXACT",99,"ACCEPTED","SPECIES","Animalia","Chordata","Aves","Ciconiiformes","Ciconiidae","Ciconia","Ciconia ciconia","Ciconia ciconia","(Linnaeus, 1758) "
"89",NA,"Egretta garzetta","Egretta garzetta (Linnaeus, 1766)",2480876,"EXACT",99,"ACCEPTED","SPECIES","Animalia","Chordata","Aves","Pelecaniformes","Ardeidae","Egretta","Egretta garzetta","Egretta garzetta","(Linnaeus, 1766) "
"90",NA,"Circus aeruginosus","Circus aeruginosus (Linnaeus, 1758)",2480482,"EXACT",99,"ACCEPTED","SPECIES","Animalia","Chordata","Aves","Accipitriformes","Accipitridae","Circus","Circus aeruginosus","Circus aeruginosus","(Linnaeus, 1758) "
"91",NA,"Locustella naevia","Locustella naevia (Boddaert, 1783)",2493548,"EXACT",99,"ACCEPTED","SPECIES","Animalia","Chordata","Aves","Passeriformes","Locustellidae","Locustella","Locustella naevia","Locustella naevia","(Boddaert, 1783) "
"92",NA,"Salmo trutta","Salmo trutta Linnaeus, 1758",8215487,"EXACT",99,"ACCEPTED","SPECIES","Animalia","Chordata","","Salmoniformes","Salmonidae","Salmo","Salmo trutta","Salmo trutta","Linnaeus, 1758"
"93",NA,"Limenitis camilla","Nymphalidae",7017,"HIGHERRANK",97,"ACCEPTED","FAMILY","Animalia","Arthropoda","Insecta","Lepidoptera","Nymphalidae","","","Nymphalidae",""
"94",NA,"Hipparchia semele","Hipparchia semele Linnaeus, 1758",8176911,"EXACT",99,"ACCEPTED","SPECIES","Animalia","Arthropoda","Insecta","Lepidoptera","Nymphalidae","Hipparchia","Hipparchia semele","Hipparchia semele","Linnaeus, 1758"
"95",NA,"Satyrium w-album","Satyrium w-album (Knoch, 1782)",5882965,"EXACT",99,"ACCEPTED","SPECIES","Animalia","Arthropoda","Insecta","Lepidoptera","Lycaenidae","Satyrium","Satyrium w-album","Satyrium w-album","(Knoch, 1782) "
"96",NA,"Plecotus austriacus","Plecotus austriacus (J.Fischer, 1829)",5739437,"EXACT",98,"ACCEPTED","SPECIES","Animalia","Chordata","Mammalia","Chiroptera","Vespertilionidae","Plecotus","Plecotus austriacus","Plecotus austriacus","(J.Fischer, 1829) "
"97",NA,"Nyctalus noctula","Nyctalus noctula (Schreber, 1774)",5218524,"EXACT",99,"ACCEPTED","SPECIES","Animalia","Chordata","Mammalia","Chiroptera","Vespertilionidae","Nyctalus","Nyctalus noctula","Nyctalus noctula","(Schreber, 1774) "
"98",NA,"Hesperia comma","Hesperia comma Linnaeus, 1758",7633472,"EXACT",99,"ACCEPTED","SPECIES","Animalia","Arthropoda","Insecta","Lepidoptera","Hesperiidae","Hesperia","Hesperia comma","Hesperia comma","Linnaeus, 1758"
"99",NA,"Gomphus vulgatissimus","Gomphus vulgatissimus Linnaeus, 1758",5051951,"EXACT",99,"ACCEPTED","SPECIES","Animalia","Arthropoda","Insecta","Odonata","Gomphidae","Gomphus","Gomphus vulgatissimus","Gomphus vulgatissimus","Linnaeus, 1758"
"100",NA,"Lasiommata megera","Lasiommata megera (Linnaeus, 1767)",4535632,"EXACT",97,"DOUBTFUL","SPECIES","Animalia","Arthropoda","Insecta","Lepidoptera","Nymphalidae","Pararge","Lasiommata megera","Lasiommata megera","(Linnaeus, 1767) "
"101",NA,"Drosera rotundifolia","Drosera rotundifolia L.",3191030,"EXACT",98,"ACCEPTED","SPECIES","Plantae","Tracheophyta","Magnoliopsida","Caryophyllales","Droseraceae","Drosera","Drosera rotundifolia","Drosera rotundifolia","L."
"102",NA,"Morchella esculenta","Morchella esculenta (L.) Pers.",2594602,"EXACT",99,"ACCEPTED","SPECIES","Fungi","Ascomycota","Pezizomycetes","Pezizales","Morchellaceae","Morchella","Morchella esculenta","Morchella esculenta","(L.) Pers."
"103",NA,"Serinus serinus","Serinus serinus (Linnaeus, 1766)",2494200,"EXACT",99,"ACCEPTED","SPECIES","Animalia","Chordata","Aves","Passeriformes","Fringillidae","Serinus","Serinus serinus","Serinus serinus","(Linnaeus, 1766) "
"104",NA,"Xysticus acerbus","Xysticus acerbus Thorell, 1872",2165222,"EXACT",99,"ACCEPTED","SPECIES","Animalia","Arthropoda","Arachnida","Araneae","Thomisidae","Xysticus","Xysticus acerbus","Xysticus acerbus","Thorell, 1872"
"105",NA,"Tibellus oblongus","Tibellus oblongus (Walckenaer, 1802)",9805173,"EXACT",98,"ACCEPTED","SPECIES","Animalia","Arthropoda","Arachnida","Araneae","Philodromidae","Tibellus","Tibellus oblongus","Tibellus oblongus","(Walckenaer, 1802) "
"106",NA,"Coelotes terrestris","Coelotes terrestris (Wider, 1834)",2141379,"EXACT",99,"ACCEPTED","SPECIES","Animalia","Arthropoda","Arachnida","Araneae","Agelenidae","Coelotes","Coelotes terrestris","Coelotes terrestris","(Wider, 1834) "
"107",NA,"Carterocephalus palaemon","Carterocephalus palaemon (Pallas, 1771)",1947335,"EXACT",99,"ACCEPTED","SPECIES","Animalia","Arthropoda","Insecta","Lepidoptera","Hesperiidae","Carterocephalus","Carterocephalus palaemon","Carterocephalus palaemon","(Pallas, 1771) "
"108",NA,"Thymelicus sylvestris","Thymelicus sylvestris (Poda, 1761)",8273661,"EXACT",99,"ACCEPTED","SPECIES","Animalia","Arthropoda","Insecta","Lepidoptera","Hesperiidae","Thymelicus","Thymelicus sylvestris","Thymelicus sylvestris","(Poda, 1761) "
"109",NA,"Trichius fasciatus","Trichius fasciatus (Linnaeus, 1758)",1085188,"EXACT",99,"ACCEPTED","SPECIES","Animalia","Arthropoda","Insecta","Coleoptera","Scarabaeidae","Trichius","Trichius fasciatus","Trichius fasciatus","(Linnaeus, 1758) "
"110",NA,"Adalia bipunctata","Adalia bipunctata (Linnaeus, 1758)",1043097,"EXACT",99,"ACCEPTED","SPECIES","Animalia","Arthropoda","Insecta","Coleoptera","Coccinellidae","Adalia","Adalia bipunctata","Adalia bipunctata","(Linnaeus, 1758) "
"111",NA,"Thymallus thymallus","Thymallus thymallus (Linnaeus, 1758)",5203999,"EXACT",99,"ACCEPTED","SPECIES","Animalia","Chordata","","Salmoniformes","Salmonidae","Thymallus","Thymallus thymallus","Thymallus thymallus","(Linnaeus, 1758) "
"112",NA,"Salmo salar","Salmo salar Linnaeus, 1758",7595433,"EXACT",99,"ACCEPTED","SPECIES","Animalia","Chordata","","Salmoniformes","Salmonidae","Salmo","Salmo salar","Salmo salar","Linnaeus, 1758"
"113",NA,"Phylloscopus trochilus","Phylloscopus trochilus (Linnaeus, 1758)",2493052,"EXACT",99,"ACCEPTED","SPECIES","Animalia","Chordata","Aves","Passeriformes","Phylloscopidae","Phylloscopus","Phylloscopus trochilus","Phylloscopus trochilus","(Linnaeus, 1758) "
"114",NA,"Luscinia megarhynchos","Luscinia megarhynchos C.L.Brehm, 1831",7660710,"EXACT",99,"ACCEPTED","SPECIES","Animalia","Chordata","Aves","Passeriformes","Muscicapidae","Luscinia","Luscinia megarhynchos","Luscinia megarhynchos","C.L.Brehm, 1831"
"115",NA,"Carduelis cannabina","Carduelis cannabina (Linnaeus, 1758)",2494708,"EXACT",98,"SYNONYM","SPECIES","Animalia","Chordata","Aves","Passeriformes","Fringillidae","Linaria","Linaria cannabina","Carduelis cannabina","(Linnaeus, 1758) "
"116",NA,"Larus fuscus","Larus fuscus Linnaeus, 1758",2481174,"EXACT",99,"ACCEPTED","SPECIES","Animalia","Chordata","Aves","Charadriiformes","Laridae","Larus","Larus fuscus","Larus fuscus","Linnaeus, 1758"
"117",NA,"Falco peregrinus","Falco peregrinus Tunstall, 1771",2481047,"EXACT",99,"ACCEPTED","SPECIES","Animalia","Chordata","Aves","Falconiformes","Falconidae","Falco","Falco peregrinus","Falco peregrinus","Tunstall, 1771"
"118",NA,"Orthonevra nobilis","Orthonevra nobilis (Fallén, 1817)",1537521,"EXACT",99,"ACCEPTED","SPECIES","Animalia","Arthropoda","Insecta","Diptera","Syrphidae","Orthonevra","Orthonevra nobilis","Orthonevra nobilis","(Fallén, 1817) "
"119",NA,"Criorhina ranunculi","Criorhina ranunculi (Panzer, 1803)",5071002,"EXACT",99,"ACCEPTED","SPECIES","Animalia","Arthropoda","Insecta","Diptera","Syrphidae","Criorhina","Criorhina ranunculi","Criorhina ranunculi","(Panzer, 1803) "
"120",NA,"Muscardinus avellanarius","Muscardinus avellanarius (Linnaeus, 1758)",2439658,"EXACT",99,"ACCEPTED","SPECIES","Animalia","Chordata","Mammalia","Rodentia","Gliridae","Muscardinus","Muscardinus avellanarius","Muscardinus avellanarius","(Linnaeus, 1758) "
"121",NA,"Eliomys quercinus","Eliomys quercinus (Linnaeus, 1766)",2439683,"EXACT",99,"ACCEPTED","SPECIES","Animalia","Chordata","Mammalia","Rodentia","Gliridae","Eliomys","Eliomys quercinus","Eliomys quercinus","(Linnaeus, 1766) "
"122",NA,"Plebejus argus","Plebejus argus (Linnaeus, 1758)",5138561,"EXACT",99,"ACCEPTED","SPECIES","Animalia","Arthropoda","Insecta","Lepidoptera","Lycaenidae","Plebejus","Plebejus argus","Plebejus argus","(Linnaeus, 1758) "
"123",NA,"Leptidea sinapis","Leptidea sinapis (Linnaeus, 1758)",5137903,"EXACT",99,"ACCEPTED","SPECIES","Animalia","Arthropoda","Insecta","Lepidoptera","Pieridae","Leptidea","Leptidea sinapis","Leptidea sinapis","(Linnaeus, 1758) "
"124",NA,"Boloria selene","Boloria selene (Denis & Schiffermüller), 1775",1912325,"EXACT",99,"ACCEPTED","SPECIES","Animalia","Arthropoda","Insecta","Lepidoptera","Nymphalidae","Boloria","Boloria selene","Boloria selene","(Denis & Schiffermüller) , 1775"
"125",NA,"Tyto alba","Tyto alba (Scopoli, 1769)",2497921,"EXACT",99,"ACCEPTED","SPECIES","Animalia","Chordata","Aves","Strigiformes","Tytonidae","Tyto","Tyto alba","Tyto alba","(Scopoli, 1769) "
"126",NA,"Morchella semilibera","Morchella semilibera DC.",2594649,"EXACT",99,"ACCEPTED","SPECIES","Fungi","Ascomycota","Pezizomycetes","Pezizales","Morchellaceae","Morchella","Morchella semilibera","Morchella semilibera","DC."
